,dataset_name,appnp,hgnn,hypergcn,sgc,sce,hols_labels_features
0,citeseer,4.556233199,6.115193101,9.752259699,2.018753101,6.8214153,5.8461392
